<?xml version="1.0" encoding="UTF-8"?>
<GenRun Id="synth_1" LaunchPart="xc7a35tcpg236-1" LaunchTime="1520400682">
  <File Type="VDS-TIMING-PB" Name="shifter_timing_summary_synth.pb"/>
  <File Type="VDS-TIMINGSUMMARY" Name="shifter_timing_summary_synth.rpt"/>
  <File Type="RDS-DCP" Name="shifter.dcp"/>
  <File Type="RDS-UTIL-PB" Name="shifter_utilization_synth.pb"/>
  <File Type="RDS-UTIL" Name="shifter_utilization_synth.rpt"/>
  <File Type="RDS-PROPCONSTRS" Name="shifter_drc_synth.rpt"/>
  <File Type="RDS-RDS" Name="shifter.vds"/>
  <File Type="PA-TCL" Name="shifter.tcl"/>
  <FileSet Name="sources" Type="DesignSrcs" RelSrcDir="$PSRCDIR/sources_1">
    <Filter Type="Srcs"/>
    <File Path="$PPRDIR/../shifter.vhd">
      <FileInfo>
        <Attr Name="UsedIn" Val="synthesis"/>
        <Attr Name="UsedIn" Val="simulation"/>
      </FileInfo>
    </File>
    <Config>
      <Option Name="DesignMode" Val="RTL"/>
      <Option Name="TopModule" Val="shifter"/>
    </Config>
  </FileSet>
  <FileSet Name="constrs_in" Type="Constrs" RelSrcDir="$PSRCDIR/constrs_1">
    <Filter Type="Constrs"/>
    <Config>
      <Option Name="ConstrsType" Val="XDC"/>
    </Config>
  </FileSet>
  <Strategy Version="1" Minor="2">
    <StratHandle Name="Vivado Synthesis Defaults" Flow="Vivado Synthesis 2016"/>
    <Step Id="synth_design"/>
  </Strategy>
</GenRun>
